{
  "iter": 301,
  "origin": "greedy",
  "strategy": {
    "lookbacks": [
      63,
      126,
      252
    ],
    "weights": [
      0.1,
      0.3,
      0.6
    ],
    "score_variant": "baltas",
    "n_positions": 5,
    "rebal_trigger": "fixed",
    "rebal_min_hold": 20,
    "rebal_max_hold": 35,
    "score_gap_pct": 0.05,
    "crash_p_mult": 0.5,
    "regime_ma": 200,
    "dd_stop_pct": 0.3,
    "target_vol": 0.25,
    "vol_lookback": 42,
    "weight_mode": "equal",
    "vol_state_mode": "moderate",
    "hmm_states": 0,
    "hmm_profile": "off",
    "hmm_feature_window": 21,
    "hmm_refit_days": 504,
    "hmm_apply": "off",
    "skip_days": 21,
    "rebal_jitter": 5,
    "max_dd_cap": 0.5
  },
  "backtest": {
    "sortino": 1.6707068009407624,
    "calmar": 1.026239488128622,
    "max_dd": -0.2882667433077287,
    "cagr": 0.2958307150966284,
    "rebal_count": 142,
    "avg_hold": 40.43478260869565,
    "max_dd_dur_days": 347,
    "max_dd_dur_months": 16.523809523809526,
    "avg_dd_dur_days": 19.744855967078188,
    "avg_dd_dur_months": 0.9402312365275327,
    "n_dd_episodes": 243,
    "ulcer": 0.0899731997893199,
    "martin": 3.2879870426898434,
    "pain_index": 0.05928913679410644,
    "pain_ratio": 4.989627629829737,
    "nifty_win_rate": 0.8695652173913043,
    "nifty_wins": 20,
    "nifty_losses": 3
  },
  "mc12m": {
    "p5": -0.35012813585852903,
    "p25": -0.003496646821833732,
    "p50": 0.06352162268806905,
    "p75": 0.12608580350692916,
    "p95": 0.21221715238573607,
    "dd_wst": -0.3639017745125978,
    "p_loss": 0.261,
    "p_dd_30": 0.071,
    "p_dd_50": 0.044
  },
  "score": 2.963489584216269,
  "picks": [
    "POWERINDIA",
    "PHARMABEES",
    "E2E",
    "AUTOBEES",
    "CONSUMBEES"
  ]
}